,discuss,mean_twice0,mean_twice1
0,1,0.6951219,0.7086614
1,2,0.1428571,0.1590909
2,3,0.1578947,0.1923077
3,4,0.1538462,0.1578947
4,5,0.2,0.1388889
5,6,0.1,0.1707317
6,7,0.4313726,0.4246575
7,8,0.1578947,0.1538461
8,9,0.0,0.09375
9,10,0.0,0.0
